{"train/loss": 7.087751071964907, "train/grad_norm": 0.8714457750320435, "train/lr": 9.5856541573854e-05, "train/sample_size": 12652, "_timestamp": 1672728892.8618782, "_runtime": 2295.984262228012, "_step": 204}